{
  type: "hunt",
  displayName: "Test Hunt",
  id: "1",
  clues: [
    {
      type: "clue",
      id: "gdgmeetsu1",
      shufflegroup: 0,
      displayName: "Starting point!",
      displayText: "Scan the two tags you find next to it.",
      displayImage: "clue-1.jpg",
      tags: [
        {id: "gdg-0"},
        {id: "gdg-1"}

      ],
      question:
      {  "question": "Which programming language executes the following line of code? print('Hello world');",
         "answers": ["Dart", "CoffeeScript", "Ceylon"],
         "correctAnswer": 0,
         "wrongMessage": "No, it's Dart!\n",
         "rightMessage": "That's right!"
      }
    },

    {
      type: "clue",
      id: "gdgmeetsu2",
      shufflegroup: 1,
      displayName: "Second Clue",
      displayText: "Find this clue, and then scan the two tags you find next to it.",
      displayImage: "clue-2.jpg",
      tags: [
        {id: "gdg-2"},
        {id: "gdg-3"}

      ],
      question:
      {  "question": "In which year the first gdgmeetsu event took place?",
         "answers": ["2009", "2010", "2014"],
         "correctAnswer": 2,
         "wrongMessage": "No! It's 2014!\n",
         "rightMessage": "That's right!"
      }
    },

    {
      type: "clue",
      id: "gdgmeetsu3",
      shufflegroup: 1,
      displayName: "Clue 3!",
      displayText: "Reach this clue, and then scan the two tags you find next to it.",
      displayImage: "clue-3.jpg",
      tags: [
        {id: "gdg-4"},
        {id: "gdg-5"}

      ]
    },

    {
      type: "clue",
      id: "gdgmeetsu4",
      shufflegroup: 1,
      displayName: "Clue 4",
      displayText: "Look for this clue, and then scan the two tags you find next to it.",
      displayImage: "clue-4.jpg",
      tags: [
        {id: "gdg-6"},
        {id: "gdg-7"}

      ]

    },


    {
      type: "clue",
      id: "gdgmeetsu5",
      shufflegroup: 1,
      displayName: "Clue 5",
      displayText: "Look for this, and then scan the two tags you find next to it.",
      displayImage: "clue-5.jpg",
      tags: [
        {id: "gdg-8"},
        {id: "gdg-9"}

      ],
      question:
      {  "question": "Which object is not present in the Maker Area?",
         "answers": ["Vertical Plotter", "3D printers", "Mindwave driven car"],
         "correctAnswer": 2,
         "wrongMessage": "noooo!\n",
         "rightMessage": "That's right!"
      }
    },


    {
      type: "clue",
      id: "gdgmeetsu6",
      shufflegroup: 2,
      displayName: "Final Clue",
      displayText: "Why don't you give a look around?",
      displayImage: "clue-6.jpg",
      tags: [
        {id: "gdg-10"},
        {id: "gdg-11"}
      ]

    }
]
}
