{
  type: "hunt",
  displayName: "Test Hunt",
  id: "1",
  clues: [ 
    {
      type: "clue",
      id: "starterMat",
      shufflegroup: 0,
      displayName: "Let's go!",
      displayText: "Find this octopus, and then scan the three tags you find next to him.",
      displayImage: "octopus.jpg",
      tags: [        
        {id: "gdg-0"},
        {id: "gdg-1"},
        {id: "gdg-2"}
      ],
      question: 
      {  "question": "How do I authenticate users of my Google App Engine application?",
         "answers": ["By User Service", "By Retinal Scan", "Auth What?"],
         "correctAnswer": 0,
         "wrongMessage": "No, by User Service!\n",         
         "rightMessage": "That's right!"
      }
    },
    {
      type: "clue",
      id: "goog",
      shufflegroup: 1,
      displayName: "Green is Good",
      displayText: "Find this sign, then look for one more tag.",
      displayImage: "greengoogle.jpg",
      tags: [        
        {id: "poster-1"}
      ]
    }
]
}
