{
  type: "hunt",
  displayName: "Test Hunt",
  id: "1",
  clues: [ 
    {
      type: "clue",
      id: "droidcon1",
      shufflegroup: 0,
      displayName: "Let's start!",
      displayText: "Find this clue, and then scan the two tags you find next to it.",
      displayImage: "clue-1.jpg",
      tags: [        
        {id: "drd-0"},
        {id: "drd-1"}      
		   
      ],
      question: 
      {  "question": "What's the Class in Android SDK managing Audio/Video files and their encoding?",
         "answers": ["MediaRecorder", "MediaFile", "EncodeMedia"],
         "correctAnswer": 0,
         "wrongMessage": "No, it's MediaRecorder!\n",         
         "rightMessage": "That's right!"
      }
    },
   
    {
      type: "clue",
      id: "droidcon2",
      shufflegroup: 1,
      displayName: "What?",
      displayText: "Find this sign, and then scan the two tags you find next to it.",
      displayImage: "clue-2.jpg",
      tags: [        
        {id: "drd-2"},
        {id: "drd-3"}      
		   
      ],
      question: 
      {  "question": "Can the XML layout file be associated to more activites?",
         "answers": ["No", "Yes", "Maybe"],
         "correctAnswer": 1,
         "wrongMessage": "No! It's YESSSSS!\n",         
         "rightMessage": "That's right!"
      }
    },
	
    {
      type: "clue",
      id: "droidcon3",
      shufflegroup: 1,
      displayName: "Hard work",
      displayText: "Reach this object, and then scan the two tags you find next to it.",
      displayImage: "clue-3.jpg",
      tags: [        
        {id: "drd-4"},
        {id: "drd-5"}      
		   
      ],
      question: 
      {  "question": "Does the R class include the asset resources",
         "answers": ["Yes", "No", "Only after midnight"],
         "correctAnswer": 1,
         "wrongMessage": "No! It's NOOOO!\n",         
         "rightMessage": "That's right!"
      }
    },
	
    {
      type: "clue",
      id: "droidcon4",
      shufflegroup: 1,
      displayName: "The cube",
      displayText: "Look for this cube, and then scan the two tags you find next to it.",
      displayImage: "clue-4.jpg",
      tags: [        
        {id: "drd-6"},
        {id: "drd-7"}      
		   
      ],
      question: 
      {  "question": "Does SensorManager class handle GPS Coordinates?",
         "answers": ["Booooh!", "Yes", "No"],
         "correctAnswer": 2,
         "wrongMessage": "No no no\n",         
         "rightMessage": "That's right!"
      }
    },
	
	
    {
      type: "clue",
      id: "droidcon5",
      shufflegroup: 1,
      displayName: "The end?",
      displayText: "Look for this sign, and then scan the two tags you find next to it.",
      displayImage: "clue-5.jpg",
      tags: [        
        {id: "drd-8"},
        {id: "drd-9"}      
		   
      ],
      question: 
      {  "question": "What's ART, a substitute or an helper of DALVIK?",
         "answers": ["Substitute", "Helper", "I have IOS"],
         "correctAnswer": 0,
         "wrongMessage": "Buy a Lumia!\n",         
         "rightMessage": "That's right!"
      }
    },
	
	
    {
      type: "clue",
      id: "droidcon6",
      shufflegroup: 2,
      displayName: "Final clue",
      displayText: "Look for this and then scan the tags near it",
      displayImage: "finalclue.jpg",
      tags: [        
        {id: "drd-10"}		   
      ]
   
    }
	
  
]
}
