{
  type: "hunt",
  displayName: "Test Hunt",
  id: "1",
  clues: [
    {
      type: "clue",
      id: "codemotion1",
      shufflegroup: 0,
      displayName: "Starting point!",
      displayText: "Scan the two tags you find next to it.",
      displayImage: "clue-1.jpg",
      tags: [
        {id: "cde-0"},
        {id: "cde-1"}

      ],
      question:
      {  "question": "Which programming language executes the following line of code? print('Hello world');",
         "answers": ["Dart", "CoffeeScript", "Ceylon"],
         "correctAnswer": 0,
         "wrongMessage": "No, it's Dart!\n",
         "rightMessage": "That's right!"
      }
    },

    {
      type: "clue",
      id: "codemotion2",
      shufflegroup: 1,
      displayName: "It's really nice to stay beneath the tree!",
      displayText: "Find this tree, and then scan the two tags you find next to it.",
      displayImage: "clue-2.jpg",
      tags: [
        {id: "cde-2"},
        {id: "cde-3"}

      ],
      question:
      {  "question": "In which year the first Codemotion event took place?",
         "answers": ["2009", "2010", "2011"],
         "correctAnswer": 2,
         "wrongMessage": "No! It's 2011!\n",
         "rightMessage": "That's right!"
      }
    },

    {
      type: "clue",
      id: "codemotion3",
      shufflegroup: 1,
      displayName: "Codemotion is you, developers!",
      displayText: "Reach this object, and then scan the two tags you find next to it.",
      displayImage: "clue-3.jpg",
      tags: [
        {id: "cde-4"},
        {id: "cde-5"}

      ]
    },

    {
      type: "clue",
      id: "codemotion4",
      shufflegroup: 1,
      displayName: "Have you ever read the instructions of these bikes?",
      displayText: "Look for this bikes, and then scan the two tags you find next to it.",
      displayImage: "clue-4.jpg",
      tags: [
        {id: "cde-6"},
        {id: "cde-7"}

      ]

    },


    {
      type: "clue",
      id: "codemotion5",
      shufflegroup: 1,
      displayName: "This is what remains of the towing tank",
      displayText: "Look for this, and then scan the two tags you find next to it.",
      displayImage: "clue-5.jpg",
      tags: [
        {id: "cde-8"},
        {id: "cde-9"}

      ],
      question:
      {  "question": "Which object is not present in the Maker Area?",
         "answers": ["Vertical Plotter", "3D printers", "Mindwave driven car"],
         "correctAnswer": 2,
         "wrongMessage": "noooo!\n",
         "rightMessage": "That's right!"
      }
    },


    {
      type: "clue",
      id: "codemotion6",
      shufflegroup: 2,
      displayName: "Mozilla",
      displayText: "Mozilla is one of the pillars of the web. Why don't you give a look behind?",
      displayImage: "clue-6.jpg",
      tags: [
        {id: "cde-10"},
        {id: "cde-11"}
      ]

    },

    {
      type: "clue",
      id: "codemotion7",
      shufflegroup: 2,
      displayName: "Codemotion",
      displayText: "Codemotion is accessible to everyone!",
      displayImage: "clue-7.jpg",
      tags: [
        {id: "cde-12"},
        {id: "cde-13"}
      ]

    },

    {
      type: "clue",
      id: "codemotion8",
      shufflegroup: 2,
      displayName: "Codemotion kids",
      displayText: "Codemotion is also for kids! Follow the arrow with your eyes!",
      displayImage: "clue-8.jpg",
      tags: [
        {id: "cde-14"},
        {id: "cde-15"}
      ]

    },

    {
      type: "clue",
      id: "codemotion9",
      shufflegroup: 3,
      displayName: "Maker Faire",
      displayText: "Don't miss Maker Faire!",
      displayImage: "clue-9.jpg",
      tags: [
        {id: "cde-16"}
      ]

    }
]
}
